"report_date_as_yyyy_mm_dd","noncomm_positions_long_all","noncomm_positions_short_all"
"2025-11-18T00:00:00.000","169890","138733"
"2025-11-10T00:00:00.000","172349","123873"
"2025-11-04T00:00:00.000","170180","118915"
"2025-10-28T00:00:00.000","178745","110630"
"2025-10-21T00:00:00.000","175724","105310"
"2025-10-14T00:00:00.000","160639","123473"
"2025-10-07T00:00:00.000","159197","112890"
"2025-09-30T00:00:00.000","167811","106346"
"2025-09-23T00:00:00.000","176400","96900"
"2025-09-16T00:00:00.000","161673","100262"
"2025-09-09T00:00:00.000","180724","89081"
"2025-09-02T00:00:00.000","174774","101516"
"2025-08-26T00:00:00.000","170765","86281"
"2025-08-19T00:00:00.000","168363","90782"
"2025-08-12T00:00:00.000","164693","90459"
"2025-08-05T00:00:00.000","160258","78252"
"2025-07-29T00:00:00.000","162122","72879"
"2025-07-22T00:00:00.000","164411","57766"
"2025-07-15T00:00:00.000","165444","61862"
"2025-07-08T00:00:00.000","166192","50037"
"2025-07-01T00:00:00.000","170624","43286"
"2025-06-24T00:00:00.000","178403","46126"
"2025-06-17T00:00:00.000","175601","44724"
"2025-06-10T00:00:00.000","184195","39600"
"2025-06-03T00:00:00.000","189514","38365"
"2025-05-27T00:00:00.000","191802","27790"
"2025-05-20T00:00:00.000","194510","27180"
"2025-05-13T00:00:00.000","194226","21958"
"2025-05-06T00:00:00.000","204008","27149"
"2025-04-29T00:00:00.000","202797","23585"
"2025-04-22T00:00:00.000","202373","24559"
"2025-04-15T00:00:00.000","198560","26705"
"2025-04-08T00:00:00.000","176555","29488"
"2025-04-01T00:00:00.000","161566","39792"
"2025-03-25T00:00:00.000","160474","35098"
"2025-03-18T00:00:00.000","164752","41788"
"2025-03-11T00:00:00.000","176790","42888"
"2025-03-04T00:00:00.000","183955","50304"
"2025-02-25T00:00:00.000","171751","75771"
"2025-02-18T00:00:00.000","147566","86997"
"2025-02-11T00:00:00.000","144158","89543"
"2025-02-04T00:00:00.000","104684","85916"
"2025-01-28T00:00:00.000","96809","97768"
"2025-01-21T00:00:00.000","94157","108830"
"2025-01-14T00:00:00.000","91434","120845"
"2025-01-07T00:00:00.000","91206","111395"
"2024-12-31T00:00:00.000","96119","104562"
"2024-12-24T00:00:00.000","95958","93647"
"2024-12-17T00:00:00.000","87208","81247"
"2024-12-10T00:00:00.000","97938","72186"
"2024-12-03T00:00:00.000","93622","91288"
"2024-11-26T00:00:00.000","87597","110230"
"2024-11-19T00:00:00.000","78973","125841"
"2024-11-12T00:00:00.000","64038","128940"
"2024-11-05T00:00:00.000","60334","104501"
"2024-10-29T00:00:00.000","64925","89742"
"2024-10-22T00:00:00.000","79364","66593"
"2024-10-15T00:00:00.000","86685","52575"
"2024-10-08T00:00:00.000","83679","47151"
"2024-10-01T00:00:00.000","95513","38741"
"2024-09-24T00:00:00.000","104690","38679"
"2024-09-17T00:00:00.000","97332","40492"
"2024-09-10T00:00:00.000","98894","43124"
"2024-09-03T00:00:00.000","91791","50675"
"2024-08-27T00:00:00.000","84305","58437"
"2024-08-20T00:00:00.000","88761","65176"
"2024-08-13T00:00:00.000","87101","63997"
"2024-08-06T00:00:00.000","66169","77523"
"2024-07-30T00:00:00.000","65016","138476"
"2024-07-23T00:00:00.000","64390","171498"
"2024-07-16T00:00:00.000","47356","198428"
"2024-07-09T00:00:00.000","41521","223554"
"2024-07-02T00:00:00.000","36714","220937"
"2024-06-25T00:00:00.000","34576","208476"
"2024-06-18T00:00:00.000","29429","177182"
"2024-06-11T00:00:00.000","30763","169342"
"2024-06-04T00:00:00.000","40427","172528"
"2024-05-28T00:00:00.000","28565","184604"
"2024-05-21T00:00:00.000","29614","173981"
"2024-05-14T00:00:00.000","35303","161485"
"2024-05-07T00:00:00.000","34990","169912"
"2024-04-30T00:00:00.000","40435","208823"
"2024-04-23T00:00:00.000","42426","222345"
"2024-04-16T00:00:00.000","49463","215082"
"2024-04-09T00:00:00.000","47275","209426"
"2024-04-02T00:00:00.000","55190","198420"
"2024-03-26T00:00:00.000","59969","189075"
"2024-03-19T00:00:00.000","66274","182286"
"2024-03-12T00:00:00.000","54923","157245"
"2024-03-05T00:00:00.000","54671","173514"
"2024-02-27T00:00:00.000","51261","183966"
"2024-02-20T00:00:00.000","53862","174640"
"2024-02-13T00:00:00.000","58554","170090"
"2024-02-06T00:00:00.000","55646","139876"
"2024-01-30T00:00:00.000","44918","125373"
"2024-01-23T00:00:00.000","52585","123230"
"2024-01-16T00:00:00.000","44180","100740"
"2024-01-09T00:00:00.000","41364","97313"
"2024-01-02T00:00:00.000","33585","90780"
"2023-12-26T00:00:00.000","37321","92889"
"2023-12-19T00:00:00.000","31734","96636"
"2023-12-12T00:00:00.000","28226","109357"
"2023-12-05T00:00:00.000","28266","133222"
"2023-11-28T00:00:00.000","30461","139698"
"2023-11-21T00:00:00.000","39236","144690"
"2023-11-14T00:00:00.000","27772","158021"
"2023-11-07T00:00:00.000","27238","131278"
"2023-10-31T00:00:00.000","37641","141489"
"2023-10-24T00:00:00.000","30964","130593"
"2023-10-17T00:00:00.000","33139","135797"
"2023-10-10T00:00:00.000","36780","136256"
"2023-10-03T00:00:00.000","47544","161532"
"2023-09-26T00:00:00.000","46169","155681"
"2023-09-19T00:00:00.000","45737","147356"
"2023-09-12T00:00:00.000","38247","136960"
"2023-09-05T00:00:00.000","37014","134150"
"2023-08-29T00:00:00.000","24790","123263"
"2023-08-22T00:00:00.000","28680","124003"
"2023-08-15T00:00:00.000","34789","115750"
"2023-08-08T00:00:00.000","23135","106315"
"2023-08-01T00:00:00.000","26849","106065"
"2023-07-25T00:00:00.000","30358","108110"
"2023-07-18T00:00:00.000","29776","120015"
"2023-07-11T00:00:00.000","29838","147020"
"2023-07-03T00:00:00.000","41713","159633"
"2023-06-27T00:00:00.000","38018","150888"
"2023-06-20T00:00:00.000","32244","139900"
"2023-06-13T00:00:00.000","37088","141064"
"2023-06-06T00:00:00.000","34151","138968"
"2023-05-30T00:00:00.000","40736","136929"
"2023-05-23T00:00:00.000","36760","117420"
"2023-05-16T00:00:00.000","29494","94285"
"2023-05-09T00:00:00.000","22229","83244"
"2023-05-02T00:00:00.000","28088","96412"
"2023-04-25T00:00:00.000","13680","82424"
"2023-04-18T00:00:00.000","15661","72530"
"2023-04-11T00:00:00.000","11933","69140"
"2023-04-04T00:00:00.000","11523","68559"
"2023-03-28T00:00:00.000","9717","63692"
"2023-03-21T00:00:00.000","7255","73600"
"2023-03-14T00:00:00.000","11048","85842"
"2023-03-07T00:00:00.000","17141","92444"
"2023-02-28T00:00:00.000","27703","86381"
"2023-02-21T00:00:00.000","32486","66515"
"2023-02-14T00:00:00.000","23079","50922"
"2023-02-07T00:00:00.000","16556","45645"
"2023-01-31T00:00:00.000","22550","42610"
"2023-01-24T00:00:00.000","27620","49255"
"2023-01-17T00:00:00.000","29458","52419"
"2023-01-10T00:00:00.000","26395","61772"
"2023-01-03T00:00:00.000","25377","72241"
"2022-12-27T00:00:00.000","29685","67415"
"2022-12-20T00:00:00.000","33686","74567"
"2022-12-13T00:00:00.000","22290","75478"
"2022-12-06T00:00:00.000","23589","89585"
"2022-11-29T00:00:00.000","28125","95519"
"2022-11-22T00:00:00.000","30800","95650"
"2022-11-15T00:00:00.000","33797","99639"
"2022-11-08T00:00:00.000","37201","112459"
"2022-11-01T00:00:00.000","40460","118080"
"2022-10-25T00:00:00.000","37579","140197"
"2022-10-18T00:00:00.000","30583","124919"
"2022-10-11T00:00:00.000","30149","107542"
"2022-10-04T00:00:00.000","26962","108585"
"2022-09-27T00:00:00.000","22706","105262"
"2022-09-20T00:00:00.000","34767","116047"
"2022-09-13T00:00:00.000","39323","120015"
"2022-09-06T00:00:00.000","56002","114191"
"2022-08-30T00:00:00.000","54513","96044"
"2022-08-23T00:00:00.000","56734","95541"
"2022-08-16T00:00:00.000","51308","80199"
"2022-08-09T00:00:00.000","52333","77365"
"2022-08-02T00:00:00.000","50433","93186"
"2022-07-26T00:00:00.000","43812","105293"
"2022-07-19T00:00:00.000","42880","102105"
"2022-07-12T00:00:00.000","35533","95531"
"2022-07-05T00:00:00.000","38660","93105"
"2022-06-28T00:00:00.000","36462","89032"
"2022-06-21T00:00:00.000","35864","94318"
"2022-06-14T00:00:00.000","32441","102196"
"2022-06-07T00:00:00.000","18466","110112"
"2022-05-31T00:00:00.000","15201","109640"
"2022-05-24T00:00:00.000","16567","116011"
"2022-05-17T00:00:00.000","12113","114422"
"2022-05-10T00:00:00.000","11196","121650"
"2022-05-03T00:00:00.000","18585","119379"
"2022-04-26T00:00:00.000","14269","109804"
"2022-04-19T00:00:00.000","12723","119910"
"2022-04-12T00:00:00.000","9925","121752"
"2022-04-05T00:00:00.000","14583","118412"
"2022-03-29T00:00:00.000","15274","117405"
"2022-03-22T00:00:00.000","36676","115158"
"2022-03-15T00:00:00.000","34016","96356"
"2022-03-08T00:00:00.000","15548","71404"
"2022-03-01T00:00:00.000","14665","83397"
"2022-02-22T00:00:00.000","10976","74163"
"2022-02-15T00:00:00.000","10425","76587"
"2022-02-08T00:00:00.000","15692","74840"
"2022-02-01T00:00:00.000","14510","75150"
"2022-01-25T00:00:00.000","15866","84139"
"2022-01-18T00:00:00.000","8002","88881"
"2022-01-11T00:00:00.000","22364","109889"
"2022-01-04T00:00:00.000","40816","103078"
"2021-12-28T00:00:00.000","32475","85577"
"2021-12-21T00:00:00.000","22191","74477"
"2021-12-14T00:00:00.000","20231","73754"
"2021-12-07T00:00:00.000","13148","76229"
"2021-11-30T00:00:00.000","14585","93451"
"2021-11-23T00:00:00.000","20285","117538"
"2021-11-16T00:00:00.000","24635","117761"
"2021-11-09T00:00:00.000","16440","121791"
"2021-11-02T00:00:00.000","20337","127961"
"2021-10-26T00:00:00.000","31487","138523"
"2021-10-19T00:00:00.000","35713","138447"
"2021-10-12T00:00:00.000","35810","112444"
"2021-10-05T00:00:00.000","31569","95263"
"2021-09-28T00:00:00.000","35328","100088"
"2021-09-21T00:00:00.000","22844","78915"
"2021-09-14T00:00:00.000","21728","82023"
"2021-09-07T00:00:00.000","29704","92029"
"2021-08-31T00:00:00.000","29030","92160"
"2021-08-24T00:00:00.000","26763","93434"
"2021-08-17T00:00:00.000","27532","90740"
"2021-08-10T00:00:00.000","36684","97341"
"2021-08-03T00:00:00.000","30409","85599"
"2021-07-27T00:00:00.000","32975","92909"
"2021-07-20T00:00:00.000","35474","91205"
"2021-07-13T00:00:00.000","40440","96690"
"2021-07-06T00:00:00.000","31625","100761"
"2021-06-29T00:00:00.000","27380","97275"
"2021-06-22T00:00:00.000","34118","87980"
"2021-06-15T00:00:00.000","22974","69824"
"2021-06-08T00:00:00.000","27248","64562"
"2021-06-01T00:00:00.000","29462","76577"
"2021-05-25T00:00:00.000","24163","74319"
"2021-05-18T00:00:00.000","24965","75913"
"2021-05-11T00:00:00.000","30491","72219"
"2021-05-04T00:00:00.000","31208","72700"
"2021-04-27T00:00:00.000","29673","78182"
"2021-04-20T00:00:00.000","26617","86436"
"2021-04-13T00:00:00.000","27682","85994"
"2021-04-06T00:00:00.000","26794","84783"
"2021-03-30T00:00:00.000","24724","84205"
"2021-03-23T00:00:00.000","27524","81049"
"2021-03-16T00:00:00.000","26003","65371"
"2021-03-09T00:00:00.000","64027","57513"
"2021-03-02T00:00:00.000","61259","41989"
"2021-02-23T00:00:00.000","66670","38048"
"2021-02-16T00:00:00.000","66732","29550"
"2021-02-09T00:00:00.000","60719","26101"
"2021-02-02T00:00:00.000","69602","24973"
"2021-01-26T00:00:00.000","63463","18471"
"2021-01-19T00:00:00.000","64143","14129"
"2021-01-12T00:00:00.000","63857","13337"
"2021-01-05T00:00:00.000","69163","18973"
"2020-12-29T00:00:00.000","63577","16227"
"2020-12-21T00:00:00.000","66970","20877"
"2020-12-15T00:00:00.000","65376","21413"
"2020-12-08T00:00:00.000","63585","15419"
"2020-12-01T00:00:00.000","62449","14946"
"2020-11-24T00:00:00.000","54472","14230"
"2020-11-17T00:00:00.000","40313","10646"
"2020-11-10T00:00:00.000","55644","13750"
"2020-11-03T00:00:00.000","51012","22914"
"2020-10-27T00:00:00.000","46131","28238"
"2020-10-20T00:00:00.000","46524","32341"
"2020-10-13T00:00:00.000","47245","27269"
"2020-10-06T00:00:00.000","45779","24677"
"2020-09-29T00:00:00.000","47535","22746"
"2020-09-22T00:00:00.000","59033","29452"
"2020-09-15T00:00:00.000","50360","27471"
"2020-09-08T00:00:00.000","44850","23108"
"2020-09-01T00:00:00.000","46654","17050"
"2020-08-25T00:00:00.000","44978","21362"
"2020-08-18T00:00:00.000","41717","21133"
"2020-08-11T00:00:00.000","48158","21142"
"2020-08-04T00:00:00.000","52073","20644"
"2020-07-28T00:00:00.000","62924","34417"
"2020-07-21T00:00:00.000","50854","31547"
"2020-07-14T00:00:00.000","45111","26785"
"2020-07-07T00:00:00.000","44043","27231"
"2020-06-30T00:00:00.000","42755","18894"
"2020-06-23T00:00:00.000","50490","23032"
"2020-06-16T00:00:00.000","43126","21016"
"2020-06-09T00:00:00.000","48862","31400"
"2020-06-02T00:00:00.000","61958","29379"
"2020-05-26T00:00:00.000","57873","23266"
"2020-05-19T00:00:00.000","52038","24568"
"2020-05-12T00:00:00.000","56307","28370"
"2020-05-05T00:00:00.000","56634","29420"
"2020-04-28T00:00:00.000","59962","27636"
"2020-04-21T00:00:00.000","53730","27704"
"2020-04-14T00:00:00.000","49863","27220"
"2020-04-07T00:00:00.000","49249","26839"
"2020-03-31T00:00:00.000","48444","30162"
"2020-03-24T00:00:00.000","56528","32665"
"2020-03-17T00:00:00.000","57286","24351"
"2020-03-10T00:00:00.000","61732","53575"
"2020-03-03T00:00:00.000","50598","92922"
"2020-02-25T00:00:00.000","53855","110244"
"2020-02-18T00:00:00.000","58605","85826"
"2020-02-11T00:00:00.000","54805","80993"
"2020-02-04T00:00:00.000","57672","79570"
"2020-01-28T00:00:00.000","45676","81701"
"2020-01-21T00:00:00.000","50596","95297"
"2020-01-14T00:00:00.000","49720","81150"
"2020-01-07T00:00:00.000","47846","60094"
"2019-12-31T00:00:00.000","43668","68970"
"2019-12-24T00:00:00.000","40592","74134"
"2019-12-17T00:00:00.000","43418","85480"
"2019-12-10T00:00:00.000","41843","85525"
"2019-12-03T00:00:00.000","48312","96135"
"2019-11-26T00:00:00.000","49278","88869"
"2019-11-19T00:00:00.000","45423","80454"
"2019-11-12T00:00:00.000","43964","78961"
"2019-11-05T00:00:00.000","43996","70601"
"2019-10-29T00:00:00.000","39185","58883"
"2019-10-22T00:00:00.000","41556","59721"
"2019-10-15T00:00:00.000","46416","53057"
"2019-10-08T00:00:00.000","52803","41791"
"2019-10-01T00:00:00.000","57893","43976"
"2019-09-24T00:00:00.000","45759","32976"
"2019-09-17T00:00:00.000","50842","26980"
"2019-09-10T00:00:00.000","56579","23988"
"2019-09-03T00:00:00.000","57222","29540"
"2019-08-27T00:00:00.000","59795","26188"
"2019-08-20T00:00:00.000","49984","18830"
"2019-08-13T00:00:00.000","51764","27022"
"2019-08-06T00:00:00.000","46225","35664"
"2019-07-30T00:00:00.000","37028","41246"
"2019-07-23T00:00:00.000","34642","44019"
"2019-07-16T00:00:00.000","32905","44285"
"2019-07-09T00:00:00.000","35346","38997"
"2019-07-02T00:00:00.000","34198","35425"
"2019-06-25T00:00:00.000","31090","41237"
"2019-06-18T00:00:00.000","28169","44734"
"2019-06-11T00:00:00.000","20786","65951"
"2019-06-04T00:00:00.000","27437","71826"
"2019-05-28T00:00:00.000","25803","81380"
"2019-05-21T00:00:00.000","27540","82732"
"2019-05-14T00:00:00.000","35915","97495"
"2019-05-07T00:00:00.000","25869","117586"
"2019-04-30T00:00:00.000","20578","120177"
"2019-04-23T00:00:00.000","28121","122535"
"2019-04-16T00:00:00.000","31807","118913"
"2019-04-09T00:00:00.000","19914","91434"
"2019-04-02T00:00:00.000","20462","83203"
"2019-03-26T00:00:00.000","18323","80444"
"2019-03-19T00:00:00.000","20081","79302"
"2019-03-12T00:00:00.000","22144","80925"
"2019-03-05T00:00:00.000","33421","84727"
"2019-02-26T00:00:00.000","27365","67019"
"2019-02-19T00:00:00.000","24844","62305"
"2019-02-12T00:00:00.000","24541","55283"
"2019-02-05T00:00:00.000","20752","52162"
"2019-01-29T00:00:00.000","27001","60346"
"2019-01-22T00:00:00.000","28403","68070"
"2019-01-15T00:00:00.000","38686","85107"
"2019-01-08T00:00:00.000","42727","104041"
"2018-12-31T00:00:00.000","32712","121335"
"2018-12-24T00:00:00.000","33281","132370"
"2018-12-18T00:00:00.000","26957","129728"
"2018-12-11T00:00:00.000","25495","123101"
"2018-12-04T00:00:00.000","32717","142483"
"2018-11-27T00:00:00.000","35817","140141"
"2018-11-20T00:00:00.000","33462","133527"
"2018-11-13T00:00:00.000","40192","142486"
"2018-11-06T00:00:00.000","33060","122182"
"2018-10-30T00:00:00.000","28854","120474"
"2018-10-23T00:00:00.000","29922","122726"
"2018-10-16T00:00:00.000","30096","130717"
"2018-10-09T00:00:00.000","47034","162235"
"2018-10-02T00:00:00.000","56074","170120"
"2018-09-25T00:00:00.000","47253","131972"
"2018-09-18T00:00:00.000","49752","113507"
"2018-09-11T00:00:00.000","48057","101943"
"2018-09-04T00:00:00.000","47572","99504"
"2018-08-28T00:00:00.000","50230","96271"
"2018-08-21T00:00:00.000","54116","101522"
"2018-08-14T00:00:00.000","49369","107737"
"2018-08-07T00:00:00.000","46136","108943"
"2018-07-31T00:00:00.000","48016","116473"
"2018-07-24T00:00:00.000","49993","123762"
"2018-07-17T00:00:00.000","77021","135671"
"2018-07-10T00:00:00.000","60563","100395"
"2018-07-03T00:00:00.000","49990","88720"
"2018-06-26T00:00:00.000","44430","78651"
"2018-06-19T00:00:00.000","46565","82127"
"2018-06-12T00:00:00.000","60609","55557"
"2018-06-05T00:00:00.000","52060","55497"
"2018-05-29T00:00:00.000","63182","71218"
"2018-05-22T00:00:00.000","73836","76603"
"2018-05-15T00:00:00.000","64926","61246"
"2018-05-08T00:00:00.000","51812","57274"
"2018-05-01T00:00:00.000","57349","58754"
"2018-04-24T00:00:00.000","59253","58670"
"2018-04-17T00:00:00.000","49433","46842"
"2018-04-10T00:00:00.000","49855","47094"
"2018-04-03T00:00:00.000","48053","44481"
"2018-03-27T00:00:00.000","56544","60212"
"2018-03-20T00:00:00.000","47902","69901"
"2018-03-13T00:00:00.000","44296","123835"
"2018-03-06T00:00:00.000","50057","136902"
"2018-02-27T00:00:00.000","44539","141190"
"2018-02-20T00:00:00.000","45634","153972"
"2018-02-13T00:00:00.000","42299","157808"
"2018-02-06T00:00:00.000","39108","151984"
"2018-01-30T00:00:00.000","47828","162524"
"2018-01-23T00:00:00.000","37260","160130"
"2018-01-16T00:00:00.000","38152","157502"
"2018-01-09T00:00:00.000","37376","162912"
"2018-01-02T00:00:00.000","39592","161358"
"2017-12-26T00:00:00.000","44269","160355"
"2017-12-19T00:00:00.000","36874","151247"
"2017-12-12T00:00:00.000","31747","145870"
"2017-12-05T00:00:00.000","34766","149033"
"2017-11-28T00:00:00.000","39793","150433"
"2017-11-21T00:00:00.000","44382","166984"
"2017-11-14T00:00:00.000","49347","185346"
"2017-11-07T00:00:00.000","54336","182184"
"2017-10-31T00:00:00.000","54585","173454"
"2017-10-24T00:00:00.000","60077","176934"
"2017-10-17T00:00:00.000","55010","156296"
"2017-10-10T00:00:00.000","51655","153074"
"2017-10-03T00:00:00.000","58770","143413"
"2017-09-26T00:00:00.000","42963","114310"
"2017-09-19T00:00:00.000","42435","93757"
"2017-09-12T00:00:00.000","40642","97939"
"2017-09-05T00:00:00.000","47285","120230"
"2017-08-29T00:00:00.000","43889","112413"
"2017-08-22T00:00:00.000","45162","119248"
"2017-08-15T00:00:00.000","43308","120800"
"2017-08-08T00:00:00.000","39810","135623"
"2017-08-01T00:00:00.000","36445","148641"
"2017-07-25T00:00:00.000","28018","149507"
"2017-07-18T00:00:00.000","37419","164338"
"2017-07-11T00:00:00.000","40778","152903"
"2017-07-03T00:00:00.000","43648","118684"
"2017-06-27T00:00:00.000","38254","99604"
"2017-06-20T00:00:00.000","39498","89457"
"2017-06-13T00:00:00.000","34160","84713"
"2017-06-06T00:00:00.000","39736","94763"
"2017-05-30T00:00:00.000","43404","95679"
"2017-05-23T00:00:00.000","41920","93576"
"2017-05-16T00:00:00.000","41963","101971"
"2017-05-09T00:00:00.000","42635","78942"
"2017-05-02T00:00:00.000","37519","68002"
"2017-04-25T00:00:00.000","48538","75407"
"2017-04-18T00:00:00.000","45761","76224"
"2017-04-11T00:00:00.000","43316","78080"
"2017-04-04T00:00:00.000","41313","87113"
"2017-03-28T00:00:00.000","42886","96067"
"2017-03-21T00:00:00.000","35039","102026"
"2017-03-14T00:00:00.000","35563","106860"
"2017-03-07T00:00:00.000","39203","93903"
"2017-02-28T00:00:00.000","29012","79029"
"2017-02-21T00:00:00.000","29954","80116"
"2017-02-14T00:00:00.000","27701","78985"
"2017-02-07T00:00:00.000","25874","80934"
"2017-01-31T00:00:00.000","32216","90547"
"2017-01-24T00:00:00.000","27127","93967"
"2017-01-17T00:00:00.000","28560","106390"
"2017-01-10T00:00:00.000","26041","105880"
"2017-01-03T00:00:00.000","37962","124726"
"2016-12-27T00:00:00.000","40565","127574"
"2016-12-20T00:00:00.000","64200","139649"
"2016-12-13T00:00:00.000","62432","125861"
"2016-12-06T00:00:00.000","74367","108304"
"2016-11-29T00:00:00.000","72124","72393"
"2016-11-22T00:00:00.000","71183","60283"
"2016-11-15T00:00:00.000","67085","46409"
"2016-11-08T00:00:00.000","72619","40663"
"2016-11-01T00:00:00.000","81010","37850"
"2016-10-25T00:00:00.000","82385","37790"
"2016-10-18T00:00:00.000","74966","37975"
"2016-10-11T00:00:00.000","79279","33370"
"2016-10-04T00:00:00.000","101986","33291"
"2016-09-27T00:00:00.000","97432","28540"
"2016-09-20T00:00:00.000","85117","26332"
"2016-09-13T00:00:00.000","86140","29294"
"2016-09-06T00:00:00.000","83968","29479"
"2016-08-30T00:00:00.000","91570","27909"
"2016-08-23T00:00:00.000","90387","30071"
"2016-08-16T00:00:00.000","88273","32267"
"2016-08-09T00:00:00.000","86719","37888"
"2016-08-02T00:00:00.000","76575","34875"
"2016-07-26T00:00:00.000","74074","39116"
"2016-07-19T00:00:00.000","79864","40511"
"2016-07-12T00:00:00.000","85364","37819"
"2016-07-05T00:00:00.000","87037","23469"
"2016-06-28T00:00:00.000","85493","25743"
"2016-06-21T00:00:00.000","79398","27102"
"2016-06-14T00:00:00.000","77703","22013"
"2016-06-07T00:00:00.000","68237","25384"
"2016-05-31T00:00:00.000","46964","32127"
"2016-05-24T00:00:00.000","54792","32733"
"2016-05-17T00:00:00.000","86165","27246"
"2016-05-10T00:00:00.000","88897","29850"
"2016-05-03T00:00:00.000","85627","24106"
"2016-04-26T00:00:00.000","97470","30972"
"2016-04-19T00:00:00.000","105710","33840"
"2016-04-12T00:00:00.000","100120","33930"
"2016-04-05T00:00:00.000","98130","38057"
"2016-03-29T00:00:00.000","84870","30483"
"2016-03-22T00:00:00.000","82812","29466"
"2016-03-15T00:00:00.000","79426","33937"
"2016-03-08T00:00:00.000","93867","29534"
"2016-03-01T00:00:00.000","94070","34445"
"2016-02-23T00:00:00.000","92376","39642"
"2016-02-16T00:00:00.000","84518","36617"
"2016-02-09T00:00:00.000","75811","32579"
"2016-02-02T00:00:00.000","82108","44863"
"2016-01-26T00:00:00.000","92628","42602"
"2016-01-19T00:00:00.000","84485","46832"
"2016-01-12T00:00:00.000","78385","53119"
"2016-01-05T00:00:00.000","67471","63368"
"2015-12-29T00:00:00.000","45008","62234"
"2015-12-22T00:00:00.000","37677","68044"
"2015-12-15T00:00:00.000","37301","63881"
"2015-12-08T00:00:00.000","26400","94450"
"2015-12-01T00:00:00.000","31228","106129"
"2015-11-24T00:00:00.000","30277","107613"
"2015-11-17T00:00:00.000","34475","113086"
"2015-11-10T00:00:00.000","35081","101969"
"2015-11-03T00:00:00.000","41489","85276"
"2015-10-27T00:00:00.000","36437","70348"
"2015-10-20T00:00:00.000","48747","52386"
"2015-10-13T00:00:00.000","38004","51836"
"2015-10-06T00:00:00.000","39050","56649"
"2015-09-29T00:00:00.000","39753","61805"
"2015-09-22T00:00:00.000","48282","71960"
"2015-09-15T00:00:00.000","36449","63263"
"2015-09-08T00:00:00.000","63121","69783"
"2015-09-01T00:00:00.000","68023","83578"
"2015-08-25T00:00:00.000","59922","98981"
"2015-08-18T00:00:00.000","45935","136065"
"2015-08-11T00:00:00.000","45768","150994"
"2015-08-04T00:00:00.000","49906","129622"
"2015-07-28T00:00:00.000","46270","109808"
"2015-07-21T00:00:00.000","50899","113213"
"2015-07-14T00:00:00.000","49167","96538"
"2015-07-07T00:00:00.000","46070","109699"
"2015-06-30T00:00:00.000","45479","124301"
"2015-06-23T00:00:00.000","39019","126736"
"2015-06-16T00:00:00.000","64760","145424"
"2015-06-09T00:00:00.000","42440","158726"
"2015-06-02T00:00:00.000","46681","132374"
"2015-05-26T00:00:00.000","50210","112434"
"2015-05-19T00:00:00.000","63398","85403"
"2015-05-12T00:00:00.000","37848","61441"
"2015-05-05T00:00:00.000","41852","73035"
"2015-04-28T00:00:00.000","48721","54214"
"2015-04-21T00:00:00.000","51520","65968"
"2015-04-14T00:00:00.000","54783","77853"
"2015-04-07T00:00:00.000","53320","77769"
"2015-03-31T00:00:00.000","44409","68333"
"2015-03-24T00:00:00.000","39156","85061"
"2015-03-17T00:00:00.000","44496","92550"
"2015-03-10T00:00:00.000","32898","92285"
"2015-03-03T00:00:00.000","33944","86465"
"2015-02-24T00:00:00.000","31611","79123"
"2015-02-17T00:00:00.000","31269","80360"
"2015-02-10T00:00:00.000","25884","81008"
"2015-02-03T00:00:00.000","25586","85157"
"2015-01-27T00:00:00.000","26526","91184"
"2015-01-20T00:00:00.000","26525","104411"
"2015-01-13T00:00:00.000","25872","120497"
"2015-01-06T00:00:00.000","33160","123243"
"2014-12-30T00:00:00.000","28836","125155"
"2014-12-23T00:00:00.000","29021","122763"
"2014-12-16T00:00:00.000","45652","132579"
"2014-12-09T00:00:00.000","38067","142203"
"2014-12-02T00:00:00.000","41530","152690"
"2014-11-25T00:00:00.000","46304","150684"
"2014-11-18T00:00:00.000","46612","139066"
"2014-11-11T00:00:00.000","47271","129834"
"2014-11-04T00:00:00.000","37917","109568"
"2014-10-28T00:00:00.000","23883","91282"
"2014-10-21T00:00:00.000","26634","98372"
"2014-10-14T00:00:00.000","22839","123986"
"2014-10-07T00:00:00.000","24837","137388"
"2014-09-30T00:00:00.000","29910","150788"
"2014-09-23T00:00:00.000","28391","133813"
"2014-09-16T00:00:00.000","37617","120799"
"2014-09-09T00:00:00.000","17280","117953"
"2014-09-02T00:00:00.000","15485","132793"
"2014-08-26T00:00:00.000","19512","122403"
"2014-08-19T00:00:00.000","17976","105247"
"2014-08-12T00:00:00.000","12518","93615"
"2014-08-05T00:00:00.000","9896","105295"
"2014-07-29T00:00:00.000","7828","80897"
"2014-07-22T00:00:00.000","11979","65895"
"2014-07-15T00:00:00.000","8385","71333"
"2014-07-08T00:00:00.000","11174","77549"
"2014-07-01T00:00:00.000","18739","77425"
"2014-06-24T00:00:00.000","10325","81548"
"2014-06-17T00:00:00.000","17832","85870"
"2014-06-10T00:00:00.000","11893","94055"
"2014-06-03T00:00:00.000","12578","86796"
"2014-05-27T00:00:00.000","16999","76035"
"2014-05-20T00:00:00.000","18681","72468"
"2014-05-13T00:00:00.000","17471","82178"
"2014-05-06T00:00:00.000","20381","81109"
"2014-04-29T00:00:00.000","13846","84198"
"2014-04-22T00:00:00.000","16564","83807"
"2014-04-15T00:00:00.000","14351","83067"
"2014-04-08T00:00:00.000","13340","100802"
"2014-04-01T00:00:00.000","22162","110800"
"2014-03-25T00:00:00.000","17600","86487"
"2014-03-18T00:00:00.000","24144","85243"
"2014-03-11T00:00:00.000","15726","115082"
"2014-03-04T00:00:00.000","20407","100116"
"2014-02-25T00:00:00.000","14727","99817"
"2014-02-18T00:00:00.000","16736","96520"
"2014-02-11T00:00:00.000","13686","92472"
"2014-02-04T00:00:00.000","15896","92725"
"2014-01-28T00:00:00.000","15977","102169"
"2014-01-21T00:00:00.000","13128","128089"
"2014-01-14T00:00:00.000","10754","128820"
"2014-01-07T00:00:00.000","11340","140208"
"2013-12-31T00:00:00.000","14274","149502"
"2013-12-24T00:00:00.000","14261","158083"
"2013-12-17T00:00:00.000","22225","152448"
"2013-12-10T00:00:00.000","18085","147796"
"2013-12-03T00:00:00.000","21290","154673"
"2013-11-26T00:00:00.000","23999","147201"
"2013-11-19T00:00:00.000","19424","131640"
"2013-11-12T00:00:00.000","20977","116084"
"2013-11-05T00:00:00.000","18734","92526"
"2013-10-29T00:00:00.000","17483","79878"
"2013-10-22T00:00:00.000","13928","85730"
"2013-10-15T00:00:00.000","25392","84658"
"2013-10-08T00:00:00.000","28165","85262"
"2013-10-01T00:00:00.000","18634","100958"
"2013-09-24T00:00:00.000","18173","110991"
"2013-09-17T00:00:00.000","26088","114882"
"2013-09-10T00:00:00.000","18854","113920"
"2013-09-03T00:00:00.000","27665","107426"
"2013-08-27T00:00:00.000","23396","101749"
"2013-08-20T00:00:00.000","19720","91441"
"2013-08-13T00:00:00.000","17375","91837"
"2013-08-06T00:00:00.000","19421","99634"
"2013-07-30T00:00:00.000","18216","100351"
"2013-07-23T00:00:00.000","22513","110009"
"2013-07-16T00:00:00.000","20220","105982"
"2013-07-09T00:00:00.000","25117","105422"
"2013-07-02T00:00:00.000","27336","98072"
"2013-06-25T00:00:00.000","24376","85838"
"2013-06-18T00:00:00.000","23010","84900"
"2013-06-11T00:00:00.000","21722","94628"
"2013-06-04T00:00:00.000","19176","101920"
"2013-05-28T00:00:00.000","18406","118175"
"2013-05-21T00:00:00.000","19454","114640"
"2013-05-14T00:00:00.000","28882","117289"
"2013-05-07T00:00:00.000","27886","106446"
"2013-04-30T00:00:00.000","24872","95999"
"2013-04-23T00:00:00.000","25942","105672"
"2013-04-16T00:00:00.000","26448","119859"
"2013-04-09T00:00:00.000","39699","117396"
"2013-04-02T00:00:00.000","46966","125137"
"2013-03-26T00:00:00.000","46931","136080"
"2013-03-19T00:00:00.000","55408","135401"
"2013-03-12T00:00:00.000","51240","145003"
"2013-03-05T00:00:00.000","50958","124309"
"2013-02-26T00:00:00.000","51998","117342"
"2013-02-19T00:00:00.000","54662","120553"
"2013-02-12T00:00:00.000","55782","117088"
"2013-02-05T00:00:00.000","50667","119080"
"2013-01-29T00:00:00.000","48476","119722"
"2013-01-22T00:00:00.000","41983","106051"
"2013-01-15T00:00:00.000","39447","105174"
"2013-01-08T00:00:00.000","32129","106225"
"2012-12-31T00:00:00.000","30432","110949"
"2012-12-24T00:00:00.000","26757","112365"
"2012-12-18T00:00:00.000","27935","117098"
"2012-12-11T00:00:00.000","16369","110770"
"2012-12-04T00:00:00.000","20929","111255"
"2012-11-27T00:00:00.000","27027","106493"
"2012-11-20T00:00:00.000","28272","79661"
"2012-11-13T00:00:00.000","21980","52427"
"2012-11-06T00:00:00.000","24966","65070"
"2012-10-30T00:00:00.000","19886","56906"
"2012-10-23T00:00:00.000","25550","43746"
"2012-10-16T00:00:00.000","42767","32681"
"2012-10-09T00:00:00.000","40778","27864"
"2012-10-02T00:00:00.000","52696","23361"
"2012-09-25T00:00:00.000","47318","26207"
"2012-09-18T00:00:00.000","41500","26024"
"2012-09-11T00:00:00.000","60862","28089"
"2012-09-04T00:00:00.000","55133","31126"
"2012-08-28T00:00:00.000","53571","32015"
"2012-08-21T00:00:00.000","43584","32413"
"2012-08-14T00:00:00.000","55983","25279"
"2012-08-07T00:00:00.000","55883","28344"
"2012-07-31T00:00:00.000","55373","23119"
"2012-07-24T00:00:00.000","52024","26963"
"2012-07-17T00:00:00.000","36734","25613"
"2012-07-10T00:00:00.000","32920","23968"
"2012-07-03T00:00:00.000","36950","32775"
"2012-06-26T00:00:00.000","43910","39368"
"2012-06-19T00:00:00.000","44740","29603"
"2012-06-12T00:00:00.000","38182","25875"
"2012-06-05T00:00:00.000","37376","25303"
"2012-05-29T00:00:00.000","21620","32950"
"2012-05-22T00:00:00.000","20483","38498"
"2012-05-15T00:00:00.000","17455","51770"
"2012-05-08T00:00:00.000","16369","57462"
"2012-05-01T00:00:00.000","14110","64283"
"2012-04-24T00:00:00.000","12669","68572"
"2012-04-17T00:00:00.000","16917","74720"
"2012-04-10T00:00:00.000","16097","82181"
"2012-04-03T00:00:00.000","14563","79671"
"2012-03-27T00:00:00.000","10905","78527"
"2012-03-20T00:00:00.000","34923","60744"
"2012-03-13T00:00:00.000","22249","64629"
"2012-03-06T00:00:00.000","33281","52639"
"2012-02-28T00:00:00.000","51558","52761"
"2012-02-21T00:00:00.000","62062","44805"
"2012-02-14T00:00:00.000","64096","34637"
"2012-02-07T00:00:00.000","84847","29676"
"2012-01-31T00:00:00.000","81054","24385"
"2012-01-24T00:00:00.000","66194","21827"
"2012-01-17T00:00:00.000","78355","19493"
"2012-01-10T00:00:00.000","76671","17014"
"2012-01-03T00:00:00.000","72986","16505"
"2011-12-27T00:00:00.000","52691","30106"
"2011-12-20T00:00:00.000","52148","27672"
"2011-12-13T00:00:00.000","52249","16649"
"2011-12-06T00:00:00.000","56817","18546"
"2011-11-29T00:00:00.000","56162","15615"
"2011-11-22T00:00:00.000","57018","13838"
"2011-11-15T00:00:00.000","49916","16236"
"2011-11-08T00:00:00.000","44320","16243"
"2011-11-01T00:00:00.000","43671","17767"
"2011-10-25T00:00:00.000","75999","21720"
"2011-10-18T00:00:00.000","49047","22140"
"2011-10-11T00:00:00.000","54190","19071"
"2011-10-04T00:00:00.000","60867","17405"
"2011-09-27T00:00:00.000","61166","18844"
"2011-09-20T00:00:00.000","63888","18271"
"2011-09-13T00:00:00.000","53778","18823"
"2011-09-06T00:00:00.000","48125","15338"
"2011-08-30T00:00:00.000","54136","12951"
"2011-08-23T00:00:00.000","60831","13692"
"2011-08-16T00:00:00.000","59060","11712"
"2011-08-09T00:00:00.000","53386","11237"
"2011-08-02T00:00:00.000","78855","20022"
"2011-07-26T00:00:00.000","72114","20812"
"2011-07-19T00:00:00.000","63535","21380"
"2011-07-12T00:00:00.000","52277","23989"
"2011-07-05T00:00:00.000","34595","20268"
"2011-06-28T00:00:00.000","34319","20696"
"2011-06-21T00:00:00.000","47074","14480"
"2011-06-14T00:00:00.000","38618","13850"
"2011-06-07T00:00:00.000","35883","18252"
"2011-05-31T00:00:00.000","24186","25834"
"2011-05-24T00:00:00.000","32188","24182"
"2011-05-17T00:00:00.000","38016","22643"
"2011-05-10T00:00:00.000","36100","23046"
"2011-05-03T00:00:00.000","19779","38598"
"2011-04-26T00:00:00.000","14063","51060"
"2011-04-19T00:00:00.000","12935","65918"
"2011-04-12T00:00:00.000","14183","67060"
"2011-04-05T00:00:00.000","16516","59747"
"2011-03-29T00:00:00.000","37737","30685"
"2011-03-22T00:00:00.000","52484","17959"
"2011-03-15T00:00:00.000","52603","22373"
"2011-03-08T00:00:00.000","43205","26549"
"2011-03-01T00:00:00.000","62396","21122"
"2011-02-22T00:00:00.000","23457","51203"
"2011-02-15T00:00:00.000","24389","42937"
"2011-02-08T00:00:00.000","56607","19876"
"2011-02-01T00:00:00.000","52648","21167"
"2011-01-25T00:00:00.000","54495","22277"
"2011-01-18T00:00:00.000","46258","25729"
"2011-01-11T00:00:00.000","43884","19148"
"2011-01-04T00:00:00.000","65924","26859"
"2010-12-28T00:00:00.000","49941","20300"
"2010-12-21T00:00:00.000","34243","21714"
"2010-12-14T00:00:00.000","34996","22261"
"2010-12-07T00:00:00.000","47661","24373"
"2010-11-30T00:00:00.000","55791","25785"
"2010-11-23T00:00:00.000","51161","23969"
"2010-11-16T00:00:00.000","47595","24737"
"2010-11-09T00:00:00.000","54256","17602"
"2010-11-02T00:00:00.000","63061","16606"
"2010-10-26T00:00:00.000","61305","18176"
"2010-10-19T00:00:00.000","62554","16698"
"2010-10-12T00:00:00.000","66463","18178"
"2010-10-05T00:00:00.000","66866","17660"
"2010-09-28T00:00:00.000","45136","16470"
"2010-09-21T00:00:00.000","39948","16848"
"2010-09-14T00:00:00.000","61215","13573"
"2010-09-07T00:00:00.000","65440","13257"
"2010-08-31T00:00:00.000","61219","11315"
"2010-08-24T00:00:00.000","63086","12017"
"2010-08-17T00:00:00.000","62745","12776"
"2010-08-10T00:00:00.000","65314","12836"
"2010-08-03T00:00:00.000","61723","13725"
"2010-07-27T00:00:00.000","48488","18567"
"2010-07-20T00:00:00.000","54733","13822"
"2010-07-13T00:00:00.000","63205","15846"
"2010-07-06T00:00:00.000","62476","24550"
"2010-06-29T00:00:00.000","51721","24294"
"2010-06-22T00:00:00.000","29257","25627"
"2010-06-15T00:00:00.000","23304","26984"
"2010-06-08T00:00:00.000","28519","41066"
"2010-06-01T00:00:00.000","33215","39699"
"2010-05-25T00:00:00.000","31994","42232"
"2010-05-18T00:00:00.000","21393","55682"
"2010-05-11T00:00:00.000","23265","57934"
"2010-05-04T00:00:00.000","12430","78042"
"2010-04-27T00:00:00.000","15018","64795"
"2010-04-20T00:00:00.000","14211","64549"
"2010-04-13T00:00:00.000","12573","68319"
"2010-04-06T00:00:00.000","18596","60901"
"2010-03-30T00:00:00.000","17174","48040"
"2010-03-23T00:00:00.000","41030","30869"
"2010-03-16T00:00:00.000","41278","26081"
"2010-03-09T00:00:00.000","51919","25631"
"2010-03-02T00:00:00.000","57332","24780"
"2010-02-23T00:00:00.000","30432","28715"
"2010-02-16T00:00:00.000","35691","21779"
"2010-02-09T00:00:00.000","41352","18956"
"2010-02-02T00:00:00.000","30177","23042"
"2010-01-26T00:00:00.000","28821","33168"
"2010-01-19T00:00:00.000","23718","40814"
"2010-01-12T00:00:00.000","21951","38695"
"2010-01-05T00:00:00.000","20634","37445"
"2009-12-29T00:00:00.000","19943","34846"
"2009-12-22T00:00:00.000","29477","30488"
"2009-12-15T00:00:00.000","33810","25438"
"2009-12-08T00:00:00.000","48754","13572"
"2009-12-01T00:00:00.000","73793","16886"
"2009-11-24T00:00:00.000","65224","13514"
"2009-11-17T00:00:00.000","48750","13198"
"2009-11-09T00:00:00.000","42044","20166"
"2009-11-03T00:00:00.000","39028","19196"
"2009-10-27T00:00:00.000","36076","18546"
"2009-10-20T00:00:00.000","49401","18216"
"2009-10-13T00:00:00.000","49817","16478"
"2009-10-06T00:00:00.000","62127","17484"
"2009-09-29T00:00:00.000","63449","18593"
"2009-09-22T00:00:00.000","63269","17654"
"2009-09-15T00:00:00.000","54044","16937"
"2009-09-08T00:00:00.000","56725","15926"
"2009-09-01T00:00:00.000","52041","19676"
"2009-08-25T00:00:00.000","34055","22408"
"2009-08-18T00:00:00.000","25121","22768"
"2009-08-11T00:00:00.000","24019","23195"
"2009-08-04T00:00:00.000","28269","17654"
"2009-07-28T00:00:00.000","37334","13032"
"2009-07-21T00:00:00.000","52973","16785"
"2009-07-14T00:00:00.000","52640","19073"
"2009-07-07T00:00:00.000","36668","19551"
"2009-06-30T00:00:00.000","23261","24308"
"2009-06-23T00:00:00.000","22186","26193"
"2009-06-16T00:00:00.000","18287","26850"
"2009-06-09T00:00:00.000","25222","27521"
"2009-06-02T00:00:00.000","34077","24456"
"2009-05-26T00:00:00.000","34860","26851"
"2009-05-19T00:00:00.000","29526","23526"
"2009-05-12T00:00:00.000","28513","26125"
"2009-05-05T00:00:00.000","21588","28106"
"2009-04-28T00:00:00.000","22162","26741"
"2009-04-21T00:00:00.000","18343","32038"
"2009-04-14T00:00:00.000","21169","27264"
"2009-04-07T00:00:00.000","25566","32564"
"2009-03-31T00:00:00.000","26744","36207"
"2009-03-24T00:00:00.000","25057","32719"
"2009-03-17T00:00:00.000","27170","31866"
"2009-03-10T00:00:00.000","43326","24420"
"2009-03-03T00:00:00.000","46618","26548"
"2009-02-24T00:00:00.000","47262","18627"
"2009-02-17T00:00:00.000","54653","18465"
"2009-02-10T00:00:00.000","56870","13273"
"2009-02-03T00:00:00.000","65131","14613"
"2009-01-27T00:00:00.000","63369","14362"
"2009-01-20T00:00:00.000","62529","15439"
"2009-01-13T00:00:00.000","60480","15585"
"2009-01-06T00:00:00.000","62615","16221"
"2008-12-30T00:00:00.000","57793","13917"
"2008-12-22T00:00:00.000","56334","16236"
"2008-12-16T00:00:00.000","59985","18604"
"2008-12-09T00:00:00.000","62978","19719"
"2008-12-02T00:00:00.000","67743","24840"
"2008-11-25T00:00:00.000","62066","24900"
"2008-11-18T00:00:00.000","46827","22693"
"2008-11-11T00:00:00.000","46353","21842"
"2008-11-04T00:00:00.000","46772","20278"
"2008-10-28T00:00:00.000","51215","19389"
"2008-10-21T00:00:00.000","51441","21320"
"2008-10-14T00:00:00.000","51709","21805"
"2008-10-07T00:00:00.000","61557","21744"
"2008-09-30T00:00:00.000","69373","26351"
"2008-09-23T00:00:00.000","51186","19247"
"2008-09-16T00:00:00.000","50625","24025"
"2008-09-09T00:00:00.000","39298","24477"
"2008-09-02T00:00:00.000","38405","43425"
"2008-08-26T00:00:00.000","40103","60073"
"2008-08-19T00:00:00.000","40933","64071"
"2008-08-12T00:00:00.000","46164","59413"
"2008-08-05T00:00:00.000","45898","57979"
"2008-07-29T00:00:00.000","39162","45442"
"2008-07-22T00:00:00.000","48433","37909"
"2008-07-15T00:00:00.000","77600","27495"
"2008-07-08T00:00:00.000","40519","35194"
"2008-07-01T00:00:00.000","45189","29184"
"2008-06-24T00:00:00.000","34316","47063"
"2008-06-17T00:00:00.000","39989","34132"
"2008-06-10T00:00:00.000","43391","35675"
"2008-06-03T00:00:00.000","55009","31644"
"2008-05-27T00:00:00.000","62907","29603"
"2008-05-20T00:00:00.000","65203","25155"
"2008-05-13T00:00:00.000","62209","28393"
"2008-05-06T00:00:00.000","69355","20620"
"2008-04-29T00:00:00.000","73485","18035"
"2008-04-22T00:00:00.000","60353","25266"
"2008-04-15T00:00:00.000","68950","20978"
"2008-04-08T00:00:00.000","70424","27357"
"2008-04-01T00:00:00.000","78135","25837"
"2008-03-25T00:00:00.000","88691","22771"
"2008-03-18T00:00:00.000","82300","26541"
"2008-03-11T00:00:00.000","86383","36230"
"2008-03-04T00:00:00.000","94654","38369"
"2008-02-26T00:00:00.000","70188","35899"
"2008-02-19T00:00:00.000","80805","30361"
"2008-02-12T00:00:00.000","73955","30484"
"2008-02-05T00:00:00.000","83740","29050"
"2008-01-29T00:00:00.000","78810","25882"
"2008-01-22T00:00:00.000","67896","26054"
"2008-01-15T00:00:00.000","64712","27513"
"2008-01-08T00:00:00.000","62356","24883"
"2007-12-31T00:00:00.000","45107","44187"
"2007-12-24T00:00:00.000","46961","42948"
"2007-12-18T00:00:00.000","54075","40718"
"2007-12-11T00:00:00.000","68557","37654"
"2007-12-04T00:00:00.000","73463","39378"
"2007-11-27T00:00:00.000","68104","36772"
"2007-11-20T00:00:00.000","68020","37619"
"2007-11-13T00:00:00.000","63338","42542"
"2007-11-06T00:00:00.000","59945","68842"
"2007-10-30T00:00:00.000","57461","67410"
"2007-10-23T00:00:00.000","46369","67723"
"2007-10-16T00:00:00.000","45607","84220"
"2007-10-09T00:00:00.000","36321","82078"
"2007-10-02T00:00:00.000","35521","63590"
"2007-09-25T00:00:00.000","46051","48500"
"2007-09-18T00:00:00.000","41534","62601"
"2007-09-11T00:00:00.000","62733","57148"
"2007-09-04T00:00:00.000","58339","65392"
"2007-08-28T00:00:00.000","66128","56282"
"2007-08-21T00:00:00.000","61218","59702"
"2007-08-14T00:00:00.000","57759","79648"
"2007-08-07T00:00:00.000","47110","81603"
"2007-07-31T00:00:00.000","46600","97762"
"2007-07-24T00:00:00.000","51088","143503"
"2007-07-17T00:00:00.000","50431","177204"
"2007-07-10T00:00:00.000","51549","177439"
"2007-07-03T00:00:00.000","43373","198511"
"2007-06-26T00:00:00.000","49411","237488"
"2007-06-19T00:00:00.000","45218","206579"
"2007-06-12T00:00:00.000","48791","176353"
"2007-06-05T00:00:00.000","53781","177787"
"2007-05-29T00:00:00.000","51301","197544"
"2007-05-22T00:00:00.000","52301","204047"
"2007-05-15T00:00:00.000","46650","174546"
"2007-05-08T00:00:00.000","51213","163472"
"2007-05-01T00:00:00.000","47618","166400"
"2007-04-24T00:00:00.000","37900","119672"
"2007-04-17T00:00:00.000","43281","113800"
"2007-04-10T00:00:00.000","42718","107559"
"2007-04-03T00:00:00.000","36845","100703"
"2007-03-27T00:00:00.000","37765","85245"
"2007-03-20T00:00:00.000","34269","84222"
"2007-03-13T00:00:00.000","38194","91047"
"2007-03-06T00:00:00.000","30479","93365"
"2007-02-27T00:00:00.000","39383","154009"
"2007-02-20T00:00:00.000","42286","158481"
"2007-02-13T00:00:00.000","43467","210972"
"2007-02-06T00:00:00.000","41025","169551"
"2007-01-30T00:00:00.000","42579","215584"
"2007-01-23T00:00:00.000","52200","217060"
"2007-01-16T00:00:00.000","56031","194177"
"2007-01-09T00:00:00.000","54341","177684"
"2007-01-03T00:00:00.000","54819","173411"
"2006-12-26T00:00:00.000","55629","160543"
"2006-12-19T00:00:00.000","48950","141469"
"2006-12-12T00:00:00.000","50622","106182"
"2006-12-05T00:00:00.000","62344","85881"
"2006-11-28T00:00:00.000","56033","97991"
"2006-11-21T00:00:00.000","50648","131069"
"2006-11-14T00:00:00.000","48106","103118"
"2006-11-07T00:00:00.000","48102","111614"
"2006-10-31T00:00:00.000","46776","106376"
"2006-10-24T00:00:00.000","50401","187691"
"2006-10-17T00:00:00.000","53173","165751"
"2006-10-10T00:00:00.000","50595","174193"
"2006-10-03T00:00:00.000","47430","151581"
"2006-09-26T00:00:00.000","42518","129876"
